{
    "loss": 0.2379293143749237,
    "accuracy": 0.9791666865348816
}